{
  "scans_played": 2480,
  "groundtruth_queries_with_loop": 739,
  "groundtruth_total_loop_pairs": 7604,
  "detected_loop_edges": 6,
  "loop_closure_events": 6,
  "true_positive": 4,
  "false_positive": 2,
  "false_negative": 735,
  "precision": 0.6666666666666666,
  "recall": 0.005412719891745603,
  "f1": 0.010738255033557046,
  "per_frame_median_ms": 0.2073710784316063,
  "corrected_odometry_samples": 770,
  "ate_meters": 33.73724366207757,
  "ate_samples": 770,
  "wallclock_seconds": 386.2559430769179,
  "sequence_id": 8,
  "peak_rss_mb": 8852.41015625,
  "git_sha": "a11462fa357eb6b4713c08db1e4f97a76a9ed7f4_dirty"
}