{
  "scans_played": 2480,
  "groundtruth_queries_with_loop": 739,
  "groundtruth_total_loop_pairs": 7604,
  "detected_loop_edges": 54,
  "loop_closure_events": 54,
  "true_positive": 54,
  "false_positive": 0,
  "false_negative": 685,
  "precision": 1.0,
  "recall": 0.07307171853856563,
  "f1": 0.13619167717528374,
  "per_frame_median_ms": 0.2076330129057169,
  "corrected_odometry_samples": 1298,
  "ate_meters": 3.8395035804100614e-11,
  "ate_samples": 1298,
  "wallclock_seconds": 371.1167055920232,
  "sequence_id": 8,
  "peak_rss_mb": 6358.390625,
  "git_sha": "f504224254a0ba64f8a60d6823eb1c41f87ceec7"
}
