{
  "scans_played": 3012,
  "groundtruth_queries_with_loop": 975,
  "groundtruth_total_loop_pairs": 9315,
  "detected_loop_edges": 82,
  "loop_closure_events": 82,
  "true_positive": 81,
  "false_positive": 1,
  "false_negative": 894,
  "precision": 0.9878048780487805,
  "recall": 0.08307692307692308,
  "f1": 0.1532639545884579,
  "per_frame_median_ms": 0.21901889704167843,
  "corrected_odometry_samples": 1500,
  "ate_meters": 4.965174004515679e-10,
  "ate_samples": 1500,
  "wallclock_seconds": 402.1565271730069,
  "sequence_id": 2,
  "peak_rss_mb": 6937.30859375,
  "git_sha": "f504224254a0ba64f8a60d6823eb1c41f87ceec7"
}
