{
  "scans_played": 2848,
  "groundtruth_queries_with_loop": 569,
  "groundtruth_total_loop_pairs": 4789,
  "detected_loop_edges": 3,
  "loop_closure_events": 3,
  "true_positive": 3,
  "false_positive": 0,
  "false_negative": 566,
  "precision": 1.0,
  "recall": 0.005272407732864675,
  "f1": 0.010489510489510488,
  "per_frame_median_ms": 0.21576113067567348,
  "corrected_odometry_samples": 1394,
  "ate_meters": 1.0392653765874445e-11,
  "ate_samples": 1394,
  "wallclock_seconds": 327.02643172396347,
  "sequence_id": 4,
  "peak_rss_mb": 7464.796875,
  "git_sha": "f504224254a0ba64f8a60d6823eb1c41f87ceec7"
}
