{
  "scans_played": 2480,
  "groundtruth_queries_with_loop": 739,
  "groundtruth_total_loop_pairs": 7604,
  "detected_loop_edges": 47,
  "loop_closure_events": 47,
  "true_positive": 47,
  "false_positive": 0,
  "false_negative": 692,
  "precision": 1.0,
  "recall": 0.06359945872801083,
  "f1": 0.11959287531806616,
  "per_frame_median_ms": 0.2111659850925207,
  "corrected_odometry_samples": 1326,
  "ate_meters": 4.265352935734529e-11,
  "ate_samples": 1326,
  "wallclock_seconds": 285.2211311759893,
  "sequence_id": 8,
  "peak_rss_mb": 7176.828125,
  "git_sha": "46f9215f31c567d05a82bc056b47d4a8c8dfb462"
}
