{
  "scans_played": 3012,
  "groundtruth_queries_with_loop": 975,
  "groundtruth_total_loop_pairs": 9315,
  "detected_loop_edges": 80,
  "loop_closure_events": 80,
  "true_positive": 77,
  "false_positive": 3,
  "false_negative": 898,
  "precision": 0.9625,
  "recall": 0.07897435897435898,
  "f1": 0.14597156398104266,
  "per_frame_median_ms": 0.20920392125844955,
  "corrected_odometry_samples": 1410,
  "ate_meters": 2.572601214350223e-10,
  "ate_samples": 1410,
  "wallclock_seconds": 402.77650715596974,
  "sequence_id": 2,
  "peak_rss_mb": 10061.828125,
  "git_sha": "bbf1eaa5a713b7801bc72ff3fd34d6c7ea86c1dc"
}