{
  "scans_played": 3012,
  "groundtruth_queries_with_loop": 975,
  "groundtruth_total_loop_pairs": 9315,
  "detected_loop_edges": 94,
  "loop_closure_events": 92,
  "true_positive": 87,
  "false_positive": 7,
  "false_negative": 888,
  "precision": 0.925531914893617,
  "recall": 0.08923076923076922,
  "f1": 0.1627689429373246,
  "per_frame_median_ms": 0.17798691987991333,
  "corrected_odometry_samples": 1500,
  "ate_meters": 2.884736701555478e-10,
  "ate_samples": 1500,
  "wallclock_seconds": 345.3557233931497,
  "sequence_id": 2,
  "peak_rss_mb": 6613.4765625,
  "git_sha": "46f9215f31c567d05a82bc056b47d4a8c8dfb462"
}
