{
  "scans_played": 2848,
  "groundtruth_queries_with_loop": 569,
  "groundtruth_total_loop_pairs": 4789,
  "detected_loop_edges": 5,
  "loop_closure_events": 5,
  "true_positive": 5,
  "false_positive": 0,
  "false_negative": 564,
  "precision": 1.0,
  "recall": 0.008787346221441126,
  "f1": 0.017421602787456445,
  "per_frame_median_ms": 0.21845893934369087,
  "corrected_odometry_samples": 1417,
  "ate_meters": 1.7929961733279654e-11,
  "ate_samples": 1417,
  "wallclock_seconds": 327.12665131199174,
  "sequence_id": 4,
  "peak_rss_mb": 8939.17578125,
  "git_sha": "bbf1eaa5a713b7801bc72ff3fd34d6c7ea86c1dc"
}