{
  "scans_played": 2480,
  "groundtruth_queries_with_loop": 739,
  "groundtruth_total_loop_pairs": 7604,
  "detected_loop_edges": 50,
  "loop_closure_events": 50,
  "true_positive": 50,
  "false_positive": 0,
  "false_negative": 689,
  "precision": 1.0,
  "recall": 0.06765899864682003,
  "f1": 0.12674271229404308,
  "per_frame_median_ms": 0.21050754003226757,
  "corrected_odometry_samples": 1263,
  "ate_meters": 3.191785268987196e-11,
  "ate_samples": 1263,
  "wallclock_seconds": 377.13025518110953,
  "sequence_id": 8,
  "peak_rss_mb": 9009.16015625,
  "git_sha": "bbf1eaa5a713b7801bc72ff3fd34d6c7ea86c1dc"
}