{
  "scans_played": 2848,
  "groundtruth_queries_with_loop": 569,
  "groundtruth_total_loop_pairs": 4789,
  "detected_loop_edges": 24,
  "loop_closure_events": 24,
  "true_positive": 24,
  "false_positive": 0,
  "false_negative": 545,
  "precision": 1.0,
  "recall": 0.0421792618629174,
  "f1": 0.0809443507588533,
  "per_frame_median_ms": 0.1960095250979066,
  "corrected_odometry_samples": 1461,
  "ate_meters": 1.4431350440982088e-11,
  "ate_samples": 1461,
  "wallclock_seconds": 326.9268877040595,
  "sequence_id": 4,
  "peak_rss_mb": 6456.7578125,
  "git_sha": "46f9215f31c567d05a82bc056b47d4a8c8dfb462"
}
