{
  "scans_played": 2480,
  "groundtruth_queries_with_loop": 739,
  "groundtruth_total_loop_pairs": 7604,
  "detected_loop_edges": 12,
  "loop_closure_events": 12,
  "true_positive": 11,
  "false_positive": 1,
  "false_negative": 728,
  "precision": 0.9166666666666666,
  "recall": 0.014884979702300407,
  "f1": 0.029294274300932094,
  "per_frame_median_ms": 0.22314954549074173,
  "corrected_odometry_samples": 779,
  "ate_meters": 3325.018987978206,
  "ate_samples": 779,
  "wallclock_seconds": 286.1984784398228,
  "sequence_id": 8,
  "peak_rss_mb": 8342.6875,
  "git_sha": "81859c84d7c7cf2d8036c671abea34b99c45fd48_dirty"
}