{
  "scans_played": 3012,
  "groundtruth_queries_with_loop": 975,
  "groundtruth_total_loop_pairs": 9315,
  "detected_loop_edges": 299,
  "loop_closure_events": 299,
  "true_positive": 291,
  "false_positive": 8,
  "false_negative": 684,
  "precision": 0.9732441471571907,
  "recall": 0.29846153846153844,
  "f1": 0.45682888540031397,
  "wallclock_seconds": 1283.6100739170215,
  "sequence_id": 2
}
