{
  "scans_played": 2848,
  "groundtruth_queries_with_loop": 569,
  "groundtruth_total_loop_pairs": 4789,
  "detected_loop_edges": 53,
  "loop_closure_events": 53,
  "true_positive": 46,
  "false_positive": 7,
  "false_negative": 523,
  "precision": 0.8679245283018868,
  "recall": 0.08084358523725835,
  "f1": 0.14790996784565916,
  "wallclock_seconds": 1226.4134807919909,
  "sequence_id": 4
}
