{
  "scans_played": 2480,
  "groundtruth_queries_with_loop": 739,
  "groundtruth_total_loop_pairs": 7604,
  "detected_loop_edges": 188,
  "loop_closure_events": 188,
  "true_positive": 178,
  "false_positive": 10,
  "false_negative": 561,
  "precision": 0.9468085106382979,
  "recall": 0.2408660351826793,
  "f1": 0.38403451995685006,
  "wallclock_seconds": 1073.2906527919986,
  "sequence_id": 8
}
